{
    "Ar36": {
        "error": 0.0029721627590887415, 
        "fit": "parabolic", 
        "value": 0.029985075496115392
    }, 
    "Ar37": {
        "error": 0.15025718672971414, 
        "fit": "linear", 
        "value": 0.026382959703861585
    }, 
    "Ar38": {
        "error": 0.11544831786398438, 
        "fit": "linear", 
        "value": 1.280666811884374
    }, 
    "Ar39": {
        "error": 0.11189199959482606, 
        "fit": "parabolic", 
        "value": 102.58939389678649
    }, 
    "Ar40": {
        "error": 0.42482302024374624, 
        "fit": "parabolic", 
        "value": 1417.214617567161
    }, 
    "Ar41": {
        "error": 0.11543470434801484, 
        "fit": "average_SEM", 
        "value": 0.0082183605499812976
    }
}