{
    "Ar36": {
        "error": 0.012255175769015001, 
        "fit": "parabolic", 
        "value": 0.85554324989507236
    }, 
    "Ar37": {
        "error": 0.13166264515073997, 
        "fit": "linear", 
        "value": -0.079397742701537044
    }, 
    "Ar38": {
        "error": 0.10641673096028641, 
        "fit": "linear", 
        "value": 0.084750187614520994
    }, 
    "Ar39": {
        "error": 0.063414512459422881, 
        "fit": "parabolic", 
        "value": 0.021008914761428965
    }, 
    "Ar40": {
        "error": 0.22666802812229364, 
        "fit": "parabolic", 
        "value": 256.63948685246362
    }, 
    "Ar41": {
        "error": 0.1154067966590144, 
        "fit": "average_SEM", 
        "value": -0.022557007001450982
    }
}