{
    "Ar36": {
        "error": 0.010234149848961965, 
        "fit": "parabolic", 
        "value": 0.70768526543565513
    }, 
    "Ar37": {
        "error": 0.13887597372901733, 
        "fit": "linear", 
        "value": -0.075689951183798149
    }, 
    "Ar38": {
        "error": 0.11623951459339944, 
        "fit": "linear", 
        "value": 0.024713848710655559
    }, 
    "Ar39": {
        "error": 0.055392884019067938, 
        "fit": "parabolic", 
        "value": 0.021396727065420576
    }, 
    "Ar40": {
        "error": 0.19828796492431322, 
        "fit": "parabolic", 
        "value": 206.8721580113957
    }, 
    "Ar41": {
        "error": 0.11302054225166551, 
        "fit": "average_SEM", 
        "value": -0.05911762571129657
    }
}