{
    "Ar36": {
        "error": 0.021570179970238423, 
        "fit": "parabolic", 
        "value": 2.8529030475810053
    }, 
    "Ar37": {
        "error": 0.15423656738925243, 
        "fit": "linear", 
        "value": -0.074669278862010052
    }, 
    "Ar38": {
        "error": 0.11730293084083009, 
        "fit": "linear", 
        "value": 0.43818252625600485
    }, 
    "Ar39": {
        "error": 0.056643295104992435, 
        "fit": "parabolic", 
        "value": 0.024223057415591845
    }, 
    "Ar40": {
        "error": 0.34809156890907067, 
        "fit": "parabolic", 
        "value": 841.46818428164215
    }, 
    "Ar41": {
        "error": 0.11764209397733776, 
        "fit": "average_SEM", 
        "value": -0.050009960813040377
    }
}