{
    "AX": {
        "error": 0.05238013984228514, 
        "fit": "average_SEM", 
        "value": -0.01224773215847866
    }, 
    "CDD": {
        "error": 0.00016006438337535763, 
        "fit": "average_SEM", 
        "value": 0.00013165875247977965
    }, 
    "H1": {
        "error": 0.13171472203399612, 
        "fit": "average_SEM", 
        "value": 0.07749657134506076
    }, 
    "H2": {
        "error": 0.12101578428571633, 
        "fit": "average_SEM", 
        "value": -0.027733309241981866
    }, 
    "L1": {
        "error": 0.12452220075648425, 
        "fit": "average_SEM", 
        "value": -0.07489968134711186
    }, 
    "L2": {
        "error": 0.15721732168697955, 
        "fit": "average_SEM", 
        "value": -0.02706886299420148
    }
}