{
    "AX": {
        "error": 0.05602793629480826, 
        "fit": "average_SEM", 
        "value": -0.02037923192450156
    }, 
    "CDD": {
        "error": 0.0001897856906883337, 
        "fit": "average_SEM", 
        "value": 0.00024625535000571594
    }, 
    "H1": {
        "error": 0.11909721490049718, 
        "fit": "average_SEM", 
        "value": 0.035319123539860206
    }, 
    "H2": {
        "error": 0.12682660883887226, 
        "fit": "average_SEM", 
        "value": -0.0033771790370034677
    }, 
    "L1": {
        "error": 0.124939108056237, 
        "fit": "average_SEM", 
        "value": -0.0582648917723418
    }, 
    "L2": {
        "error": 0.13420932343098915, 
        "fit": "average_SEM", 
        "value": -0.0017436550871934742
    }
}