{
    "AX": {
        "error": 0.055963568245958634, 
        "fit": "average_SEM", 
        "value": -0.03207763776784608
    }, 
    "CDD": {
        "error": 0.00020392513938290575, 
        "fit": "average_SEM", 
        "value": 0.00027757841986992085
    }, 
    "H1": {
        "error": 0.10600926124634978, 
        "fit": "average_SEM", 
        "value": 0.07468639449119413
    }, 
    "H2": {
        "error": 0.1272249589121327, 
        "fit": "average_SEM", 
        "value": 0.080625783741804
    }, 
    "L1": {
        "error": 0.11214556864486253, 
        "fit": "average_SEM", 
        "value": 0.03957799774167749
    }, 
    "L2": {
        "error": 0.22612497793042835, 
        "fit": "average_SEM", 
        "value": 0.2296889184518174
    }
}