{
    "Ar36": {
        "error": 0.0046657932227464781, 
        "fit": "parabolic", 
        "value": 0.16237678977180242
    }, 
    "Ar37": {
        "error": 0.13683514767216534, 
        "fit": "linear", 
        "value": 11.067236487419233
    }, 
    "Ar38": {
        "error": 0.11499801021190093, 
        "fit": "linear", 
        "value": 0.18636763503235843
    }, 
    "Ar39": {
        "error": 0.067055239084821083, 
        "fit": "parabolic", 
        "value": 6.4392862374851738
    }, 
    "Ar40": {
        "error": 0.14405373245157976, 
        "fit": "parabolic", 
        "value": 47.27063051306456
    }, 
    "Ar41": {
        "error": 0.11432261312519039, 
        "fit": "average_SEM", 
        "value": -0.012061170752513135
    }
}