{
    "Ar36": {
        "error": 0.0646104144894417, 
        "fit": "parabolic", 
        "value": 24.360866280374871
    }, 
    "Ar37": {
        "error": 0.15690690411860164, 
        "fit": "linear", 
        "value": 46.179479387013131
    }, 
    "Ar38": {
        "error": 0.11734824538338563, 
        "fit": "linear", 
        "value": 6.5052905955140883
    }, 
    "Ar39": {
        "error": 0.094693421854741652, 
        "fit": "parabolic", 
        "value": 67.428347308993324
    }, 
    "Ar40": {
        "error": 1.2131556502242744, 
        "fit": "parabolic", 
        "value": 7376.625097801083
    }, 
    "Ar41": {
        "error": 0.11351762635272659, 
        "fit": "average_SEM", 
        "value": 0.14315954837555181
    }
}