{
    "Ar36": {
        "error": 0.021299651570442873, 
        "fit": "parabolic", 
        "value": 3.2256485108877317
    }, 
    "Ar37": {
        "error": 0.13633368539308371, 
        "fit": "linear", 
        "value": 23.288813717877332
    }, 
    "Ar38": {
        "error": 0.12252684862381018, 
        "fit": "linear", 
        "value": 2.5541045556516866
    }, 
    "Ar39": {
        "error": 0.11403195597796502, 
        "fit": "parabolic", 
        "value": 78.839209005918519
    }, 
    "Ar40": {
        "error": 0.35427887407550446, 
        "fit": "parabolic", 
        "value": 958.52964598433186
    }, 
    "Ar41": {
        "error": 0.1261551533254899, 
        "fit": "average_SEM", 
        "value": 0.026509531719299654
    }
}