{
    "AX": {
        "error": 0.04894868610212001, 
        "fit": "average", 
        "value": -0.0767174483195919
    }, 
    "CDD": {
        "error": 6.832024269108166e-05, 
        "fit": "average", 
        "value": 3.183238732162863e-05
    }, 
    "H1": {
        "error": 0.09767873511727626, 
        "fit": "average", 
        "value": -0.004910834710276583
    }, 
    "H2": {
        "error": 0.09438073618339307, 
        "fit": "average", 
        "value": -0.011692414342082645
    }, 
    "L1": {
        "error": 0.09283106966515263, 
        "fit": "average", 
        "value": -0.07188003203436007
    }, 
    "L2": {
        "error": 0.09979666976453137, 
        "fit": "average", 
        "value": 0.007235611822276648
    }
}