{
    "AX": {
        "error": 0.058756284234216256, 
        "fit": "average_SEM", 
        "value": -0.01853023455866302
    }, 
    "CDD": {
        "error": 3.344062610961551e-05, 
        "fit": "average_SEM", 
        "value": -4.5838666665076746e-06
    }, 
    "H1": {
        "error": 0.11376618049869142, 
        "fit": "average_SEM", 
        "value": 0.05750933389451044
    }, 
    "H2": {
        "error": 0.11980574039777728, 
        "fit": "average_SEM", 
        "value": -0.01603581281087827
    }, 
    "L1": {
        "error": 0.11744225477604861, 
        "fit": "average_SEM", 
        "value": -0.04630109696008731
    }, 
    "L2": {
        "error": 0.1348464896957133, 
        "fit": "average_SEM", 
        "value": -0.010328233710121518
    }
}