{
    "AX": {
        "error": 0.06097134267043687, 
        "fit": "average_SEM", 
        "value": -0.010819440497410444
    }, 
    "CDD": {
        "error": 4.041374467875737e-05, 
        "fit": "average_SEM", 
        "value": -7.639801424375037e-07
    }, 
    "H1": {
        "error": 0.12064016002626521, 
        "fit": "average_SEM", 
        "value": -0.0018192416333477012
    }, 
    "H2": {
        "error": 0.12172578546868738, 
        "fit": "average_SEM", 
        "value": -0.01516086347013091
    }, 
    "L1": {
        "error": 0.11384715370685114, 
        "fit": "average_SEM", 
        "value": -0.0489572466671234
    }, 
    "L2": {
        "error": 0.13617595789316198, 
        "fit": "average_SEM", 
        "value": -0.0054832781905133745
    }
}