{
    "AX": {
        "error": 0.05594885321960954, 
        "fit": "average_SEM", 
        "value": -0.019539677847448426
    }, 
    "CDD": {
        "error": 3.8273691688984935e-05, 
        "fit": "average_SEM", 
        "value": -2.037275650460894e-06
    }, 
    "H1": {
        "error": 0.12577781051483777, 
        "fit": "average_SEM", 
        "value": 0.03838539288650888
    }, 
    "H2": {
        "error": 0.11566803326477636, 
        "fit": "average_SEM", 
        "value": -0.01716965627438185
    }, 
    "L1": {
        "error": 0.10945183852266868, 
        "fit": "average_SEM", 
        "value": -0.06445712769442859
    }, 
    "L2": {
        "error": 0.13925732187208206, 
        "fit": "average_SEM", 
        "value": -0.025020751746584816
    }
}