{
    "AX": {
        "error": 0.051187594440612764, 
        "fit": "average_SEM", 
        "value": -0.019908113968388836
    }, 
    "CDD": {
        "error": 4.8503909558719317e-05, 
        "fit": "average_SEM", 
        "value": 1.7826108584510318e-06
    }, 
    "H1": {
        "error": 0.1127264271671934, 
        "fit": "average_SEM", 
        "value": 0.0025137403897436644
    }, 
    "H2": {
        "error": 0.11079468754842937, 
        "fit": "average_SEM", 
        "value": -0.009010077595788365
    }, 
    "L1": {
        "error": 0.12652030764166494, 
        "fit": "average_SEM", 
        "value": -0.05696681125167136
    }, 
    "L2": {
        "error": 0.13021495152598855, 
        "fit": "average_SEM", 
        "value": -0.032429412162552275
    }
}