{
    "AX": {
        "error": 0.05789898244362886, 
        "fit": "average_SEM", 
        "value": 0.02340526540550248
    }, 
    "CDD": {
        "error": 0.000321583555191134, 
        "fit": "average_SEM", 
        "value": 0.0006302813009824604
    }, 
    "H1": {
        "error": 0.10467846532163226, 
        "fit": "average_SEM", 
        "value": -0.5778504098455112
    }, 
    "H2": {
        "error": 0.12324795393481135, 
        "fit": "average_SEM", 
        "value": -0.47066523420313994
    }, 
    "L1": {
        "error": 0.11115787879897562, 
        "fit": "average_SEM", 
        "value": -0.5064017129441102
    }, 
    "L2": {
        "error": 0.2610059057622457, 
        "fit": "average_SEM", 
        "value": -0.5664710632059723
    }
}