{
    "Ar36": {
        "error": 0.026256608795270645, 
        "fit": "parabolic", 
        "value": 4.6186759940868027
    }, 
    "Ar37": {
        "error": 0.13276908504610996, 
        "fit": "linear", 
        "value": -0.014914520776242661
    }, 
    "Ar38": {
        "error": 0.11419619353025254, 
        "fit": "linear", 
        "value": 0.81501649392459541
    }, 
    "Ar39": {
        "error": 0.060362576808689339, 
        "fit": "parabolic", 
        "value": 0.016885933547703305
    }, 
    "Ar40": {
        "error": 0.40160289589441334, 
        "fit": "parabolic", 
        "value": 1388.229015755066
    }, 
    "Ar41": {
        "error": 0.10845291852994285, 
        "fit": "average_SEM", 
        "value": -0.007001545919847558
    }
}