{
    "Ar36": {
        "error": 0.02631319040434214, 
        "fit": "parabolic", 
        "value": 4.4503187546281264
    }, 
    "Ar37": {
        "error": 0.2458051979879613, 
        "fit": "linear", 
        "value": 0.22960030272494369
    }, 
    "Ar38": {
        "error": 0.11980154367437239, 
        "fit": "linear", 
        "value": 0.90490138867390435
    }, 
    "Ar39": {
        "error": 0.058794916278790174, 
        "fit": "parabolic", 
        "value": -0.0060006888617791191
    }, 
    "Ar40": {
        "error": 0.43921468294804689, 
        "fit": "parabolic", 
        "value": 1352.9486004167379
    }, 
    "Ar41": {
        "error": 0.12203872741389786, 
        "fit": "average_SEM", 
        "value": 0.12465358943052707
    }
}