{
    "Ar36": {
        "error": 0.0019478944492882515, 
        "fit": "parabolic", 
        "value": 0.0063506021463382535
    }, 
    "Ar37": {
        "error": 0.13667224333415173, 
        "fit": "linear", 
        "value": -0.066018157136934819
    }, 
    "Ar38": {
        "error": 0.11270448221055938, 
        "fit": "linear", 
        "value": -0.10616397885784609
    }, 
    "Ar39": {
        "error": 0.056377112222934726, 
        "fit": "parabolic", 
        "value": -0.0031947924741168496
    }, 
    "Ar40": {
        "error": 0.12281190154772777, 
        "fit": "parabolic", 
        "value": 1.6261930647626652
    }, 
    "Ar41": {
        "error": 0.12058820276590042, 
        "fit": "average_SEM", 
        "value": -0.033929255648527029
    }
}