{
    "Ar36": {
        "error": 0.0012611411075471284, 
        "fit": "Parabolic", 
        "value": 0.0071794935514817313
    }, 
    "Ar37": {
        "error": 0.12458925868747302, 
        "fit": "linear", 
        "value": -0.013875551555769488
    }, 
    "Ar38": {
        "error": 0.099341809877490209, 
        "fit": "linear", 
        "value": -0.12421464738498569
    }, 
    "Ar39": {
        "error": 0.054843273608565279, 
        "fit": "Parabolic", 
        "value": -0.05511323360799511
    }, 
    "Ar40": {
        "error": 0.10888393291809355, 
        "fit": "Parabolic", 
        "value": 1.9566570568873227
    }, 
    "Ar41": {
        "error": 0.10422732453543052, 
        "fit": "linear", 
        "value": -0.018826949099042447
    }
}