{
    "AX": {
        "error": 0.06339378192881273, 
        "fit": "average_SEM", 
        "value": -0.025572200630025084
    }, 
    "CDD": {
        "error": 0.00012240210514535214, 
        "fit": "average_SEM", 
        "value": 8.200022757591796e-05
    }, 
    "H1": {
        "error": 0.10780524842546757, 
        "fit": "average_SEM", 
        "value": -0.07510564069452812
    }, 
    "H2": {
        "error": 0.12684299990099704, 
        "fit": "average_SEM", 
        "value": -0.06612671703866606
    }, 
    "L1": {
        "error": 0.13548144750396787, 
        "fit": "average_SEM", 
        "value": -0.09723323295772085
    }, 
    "L2": {
        "error": 0.1359129828247877, 
        "fit": "average_SEM", 
        "value": -0.10403872563426073
    }
}