{
    "Ar36": {
        "error": 0.032121292901060264, 
        "fit": "Parabolic", 
        "value": 8.627374876830185
    }, 
    "Ar37": {
        "error": 0.14131145756158101, 
        "fit": "linear", 
        "value": 55.183087290896424
    }, 
    "Ar38": {
        "error": 0.098115751628898781, 
        "fit": "linear", 
        "value": 3.498129527109326
    }, 
    "Ar39": {
        "error": 0.069718226406922476, 
        "fit": "Parabolic", 
        "value": 36.292024910873536
    }, 
    "Ar40": {
        "error": 0.52574643212941008, 
        "fit": "Parabolic", 
        "value": 2619.0957521072005
    }, 
    "Ar41": {
        "error": 0.10211159153853169, 
        "fit": "linear", 
        "value": 0.036095080753079122
    }
}